ID;Job;Dat.Arrv.Job
1001;1;01/01/2011
TESTTEST;;;;;
TESTTEST;
1001;2;01/06/2013
1002;1;01/06/2012
1003;1;01/06/2012
1004;1;01/06/2012
1005;1;01/06/2012
1007;1;01/06/2012
1008;1;01/06/2012
1009;1;01/06/2012
1010;1;01/06/2012
1011;1;01/06/2012
1012;1;01/06/2012
1013;1;01/06/2012
1014;1;01/06/2012
1015;1;01/06/2012
1016;1;01/06/2012
1017;1;01/06/2012
1018;1;01/06/2012
1019;1;01/06/2012
1021;1;01/06/2012
1022;1;01/06/2012
1023;1;01/06/2012
1024;1;01/06/2012
1025;1;01/06/2012
1026;1;01/06/2012
1027;1;01/06/2012
1028;1;01/06/2012
1029;1;01/06/2012
1030;1;01/06/2012
1031;1;01/06/2012
1032;1;01/06/2012
1033;1;01/06/2012
1034;1;01/06/2012
1035;1;01/06/2012
1036;1;01/06/2012
1037;1;01/06/2012
1038;1;01/01/2012
1038;1;01/06/2012
1039;1;01/06/2012
1040;1;01/06/2012
1041;1;01/06/2012
1042;1;01/06/2012
1043;1;01/06/2012
1044;1;01/06/2012
1045;1;01/06/2012
1046;1;01/06/2012
1047;1;01/06/2012
1048;1;01/06/2012
1049;1;01/06/2012
1050;1;01/06/2012
1051;1;01/06/2012
1052;1;01/06/2012
1053;1;01/06/2012
1054;1;01/06/2012
1055;1;01/06/2012
1056;1;01/06/2012
1058;1;01/06/2012
1059;1;01/06/2012
1060;1;01/06/2012
1061;1;01/06/2012
1062;1;01/06/2012
1063;1;01/06/2012
1064;1;01/06/2012
1065;1;01/06/2012
1066;1;01/06/2012
1067;1;01/06/2012
1068;1;01/06/2012
1069;1;01/06/2012
1070;1;01/06/2012
1071;1;01/06/2012
1072;1;01/06/2012
1073;1;01/06/2012
1074;1;01/06/2012
1075;1;01/06/2012
1076;1;01/06/2012
1077;1;01/06/2012
1078;1;01/06/2012
1079;1;01/06/2012
1080;1;01/06/2012
1081;1;01/06/2012
1082;1;01/06/2012
1083;1;01/06/2012
1084;1;01/06/2012
1085;1;01/06/2012
1086;1;01/06/2012
1087;1;01/06/2012
1088;1;01/06/2012
1089;1;01/06/2012
1090;1;01/06/2012
1091;1;01/06/2012
1092;1;01/06/2012
1093;1;01/06/2012
1094;1;01/06/2012
1097;1;01/06/2012
1098;1;01/06/2012
1099;1;01/06/2012
1100;1;01/06/2012
1101;1;01/06/2012
1102;1;01/06/2012
1103;1;01/06/2012
1104;1;01/06/2012
1105;1;01/06/2012
1106;1;01/06/2012
1107;1;01/06/2012
1108;1;01/06/2012
1109;1;01/06/2012
1110;1;01/06/2012
1111;1;01/06/2012
1112;1;01/06/2012
1113;1;01/06/2012
1114;1;01/06/2012
1115;1;01/06/2012
1116;1;01/06/2012
1117;1;01/06/2012
1118;1;01/06/2012
1119;1;01/06/2012
1120;1;01/06/2012
1121;1;01/06/2012
1122;1;01/06/2012
1123;1;01/06/2012
1124;1;01/06/2012
1125;1;01/06/2012
1126;1;01/06/2012
1127;1;01/06/2012
1128;1;01/06/2012
1129;1;01/06/2012
1130;1;01/06/2012
1131;1;01/06/2012
1132;1;01/06/2012
1133;1;01/06/2012
1134;1;01/06/2012
1136;1;01/06/2012
1138;1;01/06/2012
1139;1;01/06/2012
1140;1;01/06/2012
1141;1;01/06/2012
1142;1;01/06/2012
1143;1;01/06/2012
1144;1;01/06/2012
1145;1;01/06/2012
1146;1;01/06/2012
1147;1;01/06/2012
1148;1;01/06/2012
1149;1;01/06/2012
1150;1;01/06/2012
1151;1;01/06/2012
1152;1;01/06/2012
1153;1;01/06/2012
1154;1;01/06/2012
1155;1;01/06/2012
1156;1;01/06/2012
1157;1;01/06/2012
1158;1;01/06/2012
1159;1;01/06/2012
1160;1;01/06/2012
1161;1;01/06/2012
1162;1;01/06/2012
1163;1;01/03/2011
1163;2;01/03/2012
1163;3;01/06/2013
1164;1;01/06/2012
1165;1;01/06/2012
1166;1;01/06/2012
1167;1;01/03/2011
1167;2;01/03/2012
1167;3;01/06/2013
1168;1;01/06/2012
1169;1;01/06/2012
1170;1;01/06/2012
1171;1;01/06/2012
1173;1;01/06/2012
1174;1;01/06/2012
1176;1;01/06/2012
1177;1;01/06/2012
1178;1;01/06/2012
1179;1;01/06/2012
1180;1;01/06/2012
1181;1;01/06/2012
1182;1;01/06/2012
1183;1;01/06/2012
1184;1;01/06/2012
1185;1;01/06/2012
1186;1;01/06/2012
1187;1;01/06/2012
1188;1;01/06/2012
1189;1;01/06/2012
1190;1;01/06/2012
1191;1;01/06/2012
1192;1;01/06/2012
1193;1;01/06/2012
1194;1;01/06/2012
1195;1;01/06/2012
1196;1;01/01/2012
1196;1;01/06/2012
1197;1;01/06/2012
1198;1;01/06/2012
1199;1;01/06/2012
1200;1;01/06/2012
1201;1;01/06/2012
1202;1;01/06/2012
1203;1;01/06/2012
1204;1;01/06/2012
1205;1;01/06/2012
1206;1;01/06/2012
1207;1;01/06/2012
1209;1;01/06/2012
1210;1;01/06/2012
1211;1;01/06/2012
1213;1;01/06/2012
1214;1;01/01/2010
1214;2;01/03/2011
1215;1;01/06/2012
1216;1;01/06/2012
1217;1;01/06/2012
1218;1;01/06/2012
1219;1;01/06/2012
1220;1;01/06/2012
1221;1;01/06/2012
1222;1;01/06/2012
1223;1;01/06/2012
1224;1;01/06/2012
1225;1;01/06/2012
1226;1;01/06/2012
1227;1;01/06/2012
1228;1;01/06/2012
1229;1;01/06/2012
1230;1;01/06/2012
1231;1;01/06/2012
1232;1;01/06/2012
1233;1;01/06/2012
1234;1;01/06/2012
1235;1;01/06/2012
1236;1;01/06/2012
1237;1;01/06/2012
1238;1;01/06/2012
1239;1;01/06/2012
1240;1;01/06/2012
1241;1;01/06/2012
1242;1;01/06/2012
1243;1;01/06/2012
1244;1;01/06/2012
1245;1;01/06/2012
1246;1;01/06/2012
1247;1;01/06/2012
1248;1;01/06/2012
1249;1;01/06/2012
1250;1;01/06/2012
1251;1;01/06/2012
1252;1;01/06/2012
1253;1;01/06/2012
1254;1;01/06/2012
1255;1;01/06/2012
1256;1;01/06/2012
1257;1;01/06/2012
1258;1;01/06/2012
1259;1;01/06/2012
1260;1;01/06/2012
1261;1;01/06/2012
1262;1;01/06/2012
1263;1;01/06/2012
1264;1;01/06/2012
1265;1;01/06/2012
1266;1;01/06/2012
1268;1;01/06/2012
1269;1;01/06/2012
1270;1;01/06/2012
1271;1;01/06/2012
1273;1;01/06/2012
1274;1;01/06/2012
1275;1;01/06/2012
1276;1;01/06/2012
1277;1;01/06/2012
1278;1;01/06/2012
1279;1;01/06/2012
1280;1;01/06/2012
1281;1;01/06/2012
1282;1;01/06/2012
1283;1;01/06/2012
1284;1;01/06/2012
1285;1;01/06/2012
1286;1;01/06/2012
1287;1;01/06/2012
1288;1;01/06/2012
1289;1;01/06/2012
1290;1;01/06/2012
1291;1;01/06/2012
1292;1;01/06/2012
1293;1;01/06/2012
1294;1;01/06/2012
1295;1;01/06/2012
1296;1;01/06/2012
1297;1;01/06/2012
1298;1;01/06/2012
1299;1;01/06/2012
1300;1;01/06/2012
1301;1;01/06/2012
1302;1;01/06/2012
1303;1;01/06/2012
1304;1;01/06/2012
1305;1;01/06/2012
1306;1;01/06/2012
1307;1;01/06/2012
1308;1;01/06/2012
1309;1;01/06/2012
1310;1;01/06/2012
1311;1;01/06/2012
1312;1;01/06/2012
1313;1;01/06/2012
1314;1;01/06/2012
1315;1;01/06/2012
1316;1;01/06/2012
1317;1;01/06/2012
1318;1;01/06/2012
1319;1;01/06/2012
1320;1;01/06/2012
1321;1;01/06/2012
1322;1;01/06/2012
1323;1;01/06/2012
1324;1;01/06/2012
1325;1;01/06/2012
1326;1;01/06/2012
1327;1;01/06/2012
1328;1;01/06/2012
1329;1;01/06/2012
1330;1;01/06/2012
1331;1;01/06/2012
1332;1;01/06/2012
1333;1;01/06/2012
1334;1;01/06/2012
1335;1;01/06/2012
1336;1;01/06/2012
1337;1;01/06/2012
1338;1;01/06/2012
1340;1;01/06/2012
1341;1;01/06/2012
1342;1;01/06/2012
1343;1;01/06/2012
1344;1;01/06/2012
1346;1;01/06/2012
1347;1;01/06/2012
1348;1;01/06/2012
1349;1;01/06/2012
1350;1;01/06/2012
1351;1;01/06/2012
1352;1;01/06/2012
1353;1;01/06/2012
1354;1;01/06/2012
1355;1;01/06/2012
1356;1;01/06/2012
1357;1;01/06/2012
1358;1;01/06/2012
1359;1;01/06/2012
1360;1;01/06/2012
1361;1;01/06/2012
1362;1;01/06/2012
1363;1;01/06/2012
1364;1;01/06/2012
1365;1;01/06/2012
1366;1;01/06/2012
1367;1;01/06/2012
1368;1;01/06/2012
1369;1;01/06/2012
1370;1;01/06/2012
1371;1;01/06/2012
1372;1;01/06/2012
1373;1;01/06/2012
1374;1;01/06/2012
1375;1;01/06/2012
1376;1;01/06/2012
1377;1;01/06/2012
1378;1;01/06/2012
1379;1;01/06/2012
1380;1;01/06/2012
1381;1;01/06/2012
1382;1;01/06/2012
1383;1;01/06/2012
1384;1;01/06/2012
1385;1;01/06/2012
1386;1;01/06/2012
1387;1;01/06/2012
1388;1;01/06/2012
1389;1;01/06/2012
1390;1;01/06/2012
1391;1;01/06/2012
1392;1;01/06/2012
1393;1;01/06/2012
1394;1;01/06/2012
1395;1;01/06/2012
1396;1;01/06/2012
1397;1;01/06/2012
1398;1;01/06/2012
1399;1;01/06/2012
1400;1;01/06/2012
1401;1;01/06/2012
1402;1;01/06/2012
1403;1;01/06/2012
1404;1;01/06/2012
1405;1;01/06/2012
1406;1;01/06/2012
1407;1;01/06/2012
1408;1;01/06/2012
1409;1;01/06/2012
1410;1;01/06/2012
1411;1;01/06/2012
1412;1;01/06/2012
1413;1;01/06/2012
1414;1;01/06/2012
1415;1;01/06/2012
1416;1;01/06/2012
1417;1;01/06/2012
1418;1;01/06/2012
1419;1;01/06/2012
1420;1;01/06/2012
1421;1;01/06/2012
1422;1;01/06/2012
1423;1;01/06/2012
1424;1;01/06/2012
1425;1;01/06/2012
1426;1;01/06/2012
1427;1;01/06/2012
1428;1;01/06/2012
1429;1;01/06/2012
1430;1;01/06/2012
1431;1;01/06/2012
1432;1;01/06/2012
1433;1;01/06/2012
1434;1;01/06/2012
1435;1;01/06/2012
1436;1;01/06/2012
1437;1;01/06/2012
1438;1;01/06/2012
1439;1;01/06/2012
1440;1;01/06/2012
1441;1;01/06/2012
1442;1;01/06/2012
1443;1;01/06/2012
1444;1;01/06/2012
1445;1;01/06/2012
1446;1;01/06/2012
1447;1;01/06/2012
1448;1;01/06/2012
1449;1;01/06/2012
1450;1;01/06/2012
1451;1;01/06/2012
1452;1;01/06/2012
1453;1;01/06/2012
1454;1;01/06/2012
1455;1;01/06/2012
1456;1;01/06/2012
1457;1;01/06/2012
1458;1;01/06/2012
1459;1;01/06/2012
1460;1;01/06/2012
1461;1;01/06/2012
1462;1;01/06/2012
1463;1;01/06/2012
1464;1;01/06/2012
1465;1;01/06/2012
1466;1;01/06/2012
1467;1;01/06/2012
1468;1;01/06/2012
1469;1;01/06/2012
1470;1;01/06/2012
1471;1;01/06/2012
1472;1;01/06/2012
1478;1;01/06/2012
1479;1;01/06/2012
1480;1;01/06/2012
1481;1;01/06/2012
1482;1;01/06/2012
1483;1;01/06/2012
1484;1;01/06/2012
1485;1;01/06/2012
1486;1;01/06/2012
1487;1;01/06/2012
1488;1;01/06/2012
1489;1;01/06/2012
1490;1;01/06/2012
1491;1;01/06/2012
1492;1;01/06/2012
1493;1;01/06/2012
1494;1;01/06/2012
1495;1;01/06/2012
1496;1;01/06/2012
1497;1;01/06/2012
1498;1;01/06/2012
1499;1;01/06/2012
1500;1;01/06/2012
1501;1;01/06/2012
1502;1;01/06/2012
1503;1;01/06/2012
1504;1;01/06/2012
1505;1;01/06/2012
1507;1;01/06/2012
1509;1;01/06/2012
1511;1;01/06/2012
1513;1;01/06/2012
1515;1;01/06/2012
1516;1;01/06/2012
1517;1;01/06/2012
1518;1;01/06/2012
1519;1;01/06/2012
1520;1;01/06/2012
1521;1;01/06/2012
1522;1;01/06/2012
1523;1;01/06/2012
1524;1;01/06/2012
1525;1;01/06/2012
1526;1;01/06/2012
1527;1;01/06/2012
1528;1;01/06/2012
1529;1;01/06/2012
1530;1;01/06/2012
1531;1;01/06/2012
1532;1;01/06/2012
1533;1;01/06/2012
1534;1;01/06/2012
1535;1;01/06/2012
1536;1;01/06/2012
1537;1;01/06/2012
1538;1;01/06/2012
1539;1;01/06/2012
1540;1;01/06/2012
1541;1;01/06/2012
1542;1;01/06/2012
1543;1;01/06/2012
1544;1;01/06/2012
1545;1;01/06/2012
1546;1;01/06/2012
1547;1;01/06/2012
1548;1;01/06/2012
1549;1;01/06/2012
1550;1;01/06/2012
1551;1;01/06/2012
1552;1;01/06/2012
1553;1;01/06/2012
1554;1;01/06/2012
1555;1;01/06/2012
1556;1;01/06/2012
1558;1;01/06/2012
1559;1;01/06/2012
1561;1;01/06/2012
1562;1;01/06/2012
1564;1;01/06/2012
1565;1;01/06/2012
1567;1;01/06/2012
1568;1;01/06/2012
1570;1;01/06/2012
1571;1;01/06/2012
1572;1;01/06/2012
1573;1;01/06/2012
1574;1;01/06/2012
1575;1;01/06/2012
1576;1;01/06/2012
1577;1;01/06/2012
1578;1;01/06/2012
1579;1;01/06/2012
1580;1;01/06/2012
1581;1;01/03/2012
1581;1;01/06/2012
1582;1;01/06/2012
1583;1;01/06/2012
1584;1;01/06/2012
1585;1;01/06/2012
1586;1;01/06/2012
1587;1;01/06/2012
1588;1;01/06/2012
1589;1;01/06/2012
1590;1;01/06/2012
1591;1;01/06/2012
1592;1;01/06/2012
1593;1;01/06/2012
1594;1;01/06/2012
1595;1;01/06/2012
1596;1;01/06/2012
1597;1;01/06/2012
1598;1;01/06/2012
1599;1;01/06/2012
1600;1;01/06/2012
1601;1;01/06/2012
1602;1;01/06/2012
1603;1;01/06/2012
1604;1;01/06/2012
1605;1;01/06/2012
1606;1;01/06/2012
1608;1;01/06/2012
1609;1;01/06/2012
1610;1;01/06/2012
1612;1;01/06/2012
1613;1;01/06/2012
1614;1;01/06/2012
1616;1;01/06/2012
1617;1;01/06/2012
1618;1;01/06/2012
1620;1;01/06/2012
1621;1;01/06/2012
1622;1;01/06/2012
1624;1;01/06/2012
1625;1;01/06/2012
1626;1;01/10/2012
1626;1;01/06/2012
1627;1;01/06/2012
1628;1;01/06/2012
1629;1;01/06/2012
1630;1;01/06/2012
1631;1;01/06/2012
1632;1;01/06/2012
1633;1;01/06/2012
1634;1;01/06/2012
1635;1;01/06/2012
1636;1;01/06/2012
1637;1;01/06/2012
1638;1;01/06/2012
1639;1;01/06/2012
1640;1;01/06/2012
1641;1;01/06/2012
1642;1;01/06/2012
1643;1;01/06/2012
1644;1;01/06/2012
1645;1;01/06/2012
1646;1;01/06/2012
1647;1;01/06/2012
1648;1;01/06/2012
1649;1;01/06/2012
1650;1;01/06/2012
1651;1;01/06/2012
1652;1;01/06/2012
1653;1;01/06/2012
1654;1;01/06/2012
1655;1;01/06/2012
1656;1;01/06/2012
1657;1;01/06/2012
1658;1;01/06/2012
1659;1;01/06/2012
1660;1;01/06/2012
1661;1;01/06/2012
1662;1;01/06/2012
1663;1;01/06/2012
1664;1;01/06/2012
1665;1;01/06/2012
1666;1;01/06/2012
1667;1;01/06/2012
1668;1;01/06/2012
1669;1;01/06/2012
1670;1;01/06/2012
1671;1;01/06/2012
1672;1;01/06/2012
1675;1;01/06/2012
1676;1;01/06/2012
1677;1;01/06/2012
1678;1;01/06/2012
1680;1;01/06/2012
1681;1;01/06/2012
1682;1;01/06/2012
1683;1;01/06/2012
1685;1;01/06/2012
1686;1;01/06/2012
1687;1;01/06/2012
1688;1;01/06/2012
1690;1;01/06/2012
1691;1;01/06/2012
1692;1;01/06/2012
1693;1;01/06/2012
1695;1;01/06/2012
1696;1;01/06/2012
1697;1;01/06/2012
1698;1;01/06/2012
1699;1;01/06/2012
1700;1;01/06/2012
1701;1;01/06/2012
1702;1;01/06/2012
1703;1;01/06/2012
1705;1;01/06/2012
1706;1;01/06/2012
1707;1;01/06/2012
1708;1;01/06/2012
1710;1;01/06/2012
1711;1;01/06/2012
1713;1;01/06/2012
1714;1;01/06/2012
1715;1;01/06/2012
1716;1;01/06/2012
1717;1;01/06/2012
1718;1;01/06/2012
1719;1;01/06/2012
1720;1;01/06/2012
1721;1;01/06/2012
1722;1;01/06/2012
1723;1;01/06/2012
1724;1;01/06/2012
1725;1;01/06/2012
1726;1;01/06/2012
1727;1;01/06/2012
1728;1;01/06/2012
1729;1;01/06/2012
1730;1;01/06/2012
1731;1;01/06/2012
1732;1;01/01/2013
1732;2;01/06/2013
1732;3;01/06/2014
1733;1;01/06/2012
1734;1;01/06/2012
1735;1;01/06/2012
1736;1;01/06/2012
1737;1;01/06/2012
1739;1;01/06/2012
1740;1;01/06/2012
1741;1;01/06/2012
1742;1;01/06/2012
1743;1;01/06/2012
1744;1;01/06/2012
1745;1;01/06/2012
1746;1;01/06/2012
1748;1;01/06/2012
1749;1;01/06/2012
1750;1;01/06/2012
1751;1;01/06/2012
1752;1;01/06/2012
1753;1;01/06/2012
1754;1;01/06/2012
1755;1;01/06/2012
1756;1;01/06/2012
1757;1;01/06/2012
1758;1;01/06/2012
1759;1;01/06/2012
1760;1;01/06/2012
1761;1;01/06/2012
1762;1;01/06/2012
1763;1;01/06/2012
1764;1;01/06/2012
1765;1;01/06/2012
1766;1;01/06/2012
1767;1;01/06/2012
1768;1;01/06/2012
1769;1;01/06/2012
1770;1;01/06/2012
1771;1;01/06/2012
1773;1;01/06/2012
1774;1;01/06/2012
1775;1;01/06/2012
1777;1;01/06/2012
1778;1;01/06/2012
1779;1;01/06/2012
1780;1;01/06/2012
1781;1;01/06/2012
1782;1;01/06/2012
1783;1;01/06/2012
1784;1;01/06/2012
1785;1;01/06/2012
1786;1;01/06/2012
1787;1;01/06/2012
1788;1;01/06/2012
1789;1;01/06/2012
1790;1;01/06/2012
1791;1;01/06/2012
1792;1;01/06/2012
1793;1;01/06/2012
1794;1;01/06/2012
1795;1;01/06/2012
1796;1;01/06/2012
1797;1;01/06/2012
1798;1;01/06/2012
1799;1;01/06/2012
1800;1;01/06/2012
1801;1;01/06/2012
1802;1;01/06/2012
1803;1;01/06/2012
1804;1;01/06/2012
1805;1;01/06/2012
1806;1;01/06/2012
1807;1;01/06/2012
1808;1;01/06/2012
1809;1;01/06/2012
1810;1;01/06/2012
1811;1;01/06/2012
1812;1;01/06/2012
1813;1;01/06/2012
1814;1;01/06/2012
1815;1;01/06/2012
1816;1;01/06/2012
1817;1;01/06/2012
1818;1;01/06/2012
1819;1;01/06/2012
1820;1;01/06/2012
1821;1;01/06/2012
1822;1;01/06/2012
1823;1;01/06/2012
1824;1;01/06/2012
1825;1;01/06/2012
1827;1;01/06/2012
1828;1;01/06/2012
1829;1;01/06/2012
1830;1;01/06/2012
1831;1;01/06/2012
1833;1;01/06/2012
1834;1;01/06/2012
1836;1;01/06/2012
1837;1;01/06/2012
1839;1;01/06/2012
1841;1;01/06/2012
1842;1;01/06/2012
1843;1;01/06/2012
1844;1;01/06/2012
1845;1;01/06/2012
1846;1;01/06/2012
1847;1;01/06/2012
1848;1;01/06/2012
1849;1;01/06/2012
1850;1;01/06/2012
1851;1;01/06/2012
1852;1;01/06/2012
1853;1;01/06/2012
1854;1;01/06/2012
1855;1;01/06/2012
1856;1;01/06/2012
1857;1;01/06/2012
1858;1;01/06/2012
1859;1;01/06/2012
1860;1;01/06/2012
1861;1;01/06/2012
1862;1;01/06/2012
1863;1;01/06/2012
1864;1;01/06/2012
1865;1;01/06/2012
1866;1;01/06/2012
1867;1;01/06/2012
1869;1;01/06/2012
1870;1;01/06/2012
1871;1;01/06/2012
1872;1;01/06/2012
1873;1;01/06/2012
1874;1;01/06/2012
1875;1;01/06/2012
1876;1;01/06/2012
1877;1;01/06/2012
1878;1;01/06/2012
1879;1;01/06/2012
1880;1;01/06/2012
1881;1;01/06/2012
1882;1;01/06/2012
1883;1;01/06/2012
1884;1;01/06/2012
1885;1;01/06/2012
1886;1;01/06/2012
1887;1;01/06/2012
1888;1;01/06/2012
1889;1;01/06/2012
1890;1;01/06/2012
1891;1;01/06/2012
1892;1;01/06/2012
1893;1;01/06/2012
1894;1;01/06/2012
1895;1;01/06/2012
1896;1;01/06/2012
1897;1;01/06/2012
1898;1;01/06/2012
1899;1;01/06/2012
1900;1;01/06/2012
1901;1;01/06/2012
1902;1;01/06/2012
1903;1;01/06/2012
1904;1;01/06/2012
1905;1;01/06/2012
1906;1;01/06/2012
1907;1;01/06/2012
1908;1;01/06/2012
1909;1;01/06/2012
1910;1;01/06/2012
1911;1;01/06/2012
1912;1;01/06/2012
1913;1;01/06/2012
1914;1;01/06/2012
1915;1;01/06/2012
1916;1;01/06/2012
1917;1;01/06/2012
1918;1;01/06/2012
1919;1;01/06/2012
1921;1;01/06/2012
1922;1;01/06/2012
1923;1;01/06/2012
1924;1;01/06/2012
1925;1;01/06/2012
1926;1;01/06/2012
1927;1;01/06/2012
1928;1;01/06/2012
1929;1;01/06/2012
1930;1;01/06/2012
1931;1;01/06/2012
1932;1;01/06/2012
1933;1;01/01/2011
1933;2;01/03/2011
1933;3;01/11/2012
1934;1;01/06/2012
1935;1;01/06/2012
1936;1;01/06/2012
1937;1;01/06/2012
1938;1;01/06/2012
1939;1;01/11/2013
1939;1;01/06/2012
1940;1;01/06/2012
1941;1;01/06/2012
1942;1;01/06/2012
1943;1;01/06/2012
1944;1;01/06/2012
1945;1;01/06/2012
1946;1;01/06/2012
1947;1;01/06/2012
1948;1;01/06/2012
1949;1;01/06/2012
1950;1;01/06/2012
1951;1;01/06/2012
1952;1;01/06/2012
1953;1;01/06/2012
1954;1;01/06/2012
1956;1;01/06/2012
1957;1;01/06/2012
1958;1;01/06/2012
1959;1;01/06/2012
1960;1;01/06/2012
1961;1;01/06/2012
1962;1;01/06/2012
1963;1;01/06/2012
1964;1;01/06/2012
1965;1;01/06/2012
1966;1;01/06/2012
1967;1;01/06/2012
1968;1;01/06/2012
1969;1;01/06/2012
1970;1;01/06/2012
1974;1;01/06/2012
1976;1;01/06/2012
1977;1;01/06/2012
1978;1;01/06/2012
1979;1;01/06/2012
1980;1;01/06/2012
1981;1;01/06/2012
1982;1;01/06/2012
1983;1;01/06/2012
1984;1;01/06/2012
1985;1;01/06/2012
1986;1;01/06/2012
1987;1;01/01/2010
1987;2;01/03/2011
1987;3;01/11/2012
1988;1;01/06/2012
1989;1;01/06/2012
1990;1;01/06/2012
1991;1;01/06/2012
1992;1;01/06/2012
1993;1;01/06/2012
1994;1;01/06/2012
1995;1;01/06/2012
1996;1;01/06/2012
1997;1;01/06/2012
1998;1;01/06/2012
1999;1;01/06/2012
2000;1;01/06/2012
2001;1;01/06/2012
2002;1;01/06/2012
2003;1;01/06/2012
2004;1;01/06/2012
2005;1;01/06/2012
2007;1;01/06/2012
2008;1;01/06/2012
2011;1;01/06/2012
2012;1;01/06/2012
2013;1;01/06/2012
2016;1;01/06/2012
2017;1;01/06/2012
2018;1;01/06/2012
2020;1;01/06/2012
2021;1;01/06/2012
2022;1;01/06/2012
2023;1;01/06/2012
2024;1;01/06/2012
2025;1;01/06/2012
2026;1;01/06/2012
2027;1;01/06/2012
2028;1;01/06/2012
2029;1;01/06/2012
2030;1;01/06/2010
2030;2;01/03/2013
2031;1;01/06/2014
2033;1;01/06/2012
2034;1;01/06/2012
2036;1;01/06/2012
2037;1;01/06/2012
2038;1;01/06/2012
2040;1;01/04/2010
2040;2;01/03/2014
2041;1;01/06/2012
2051;1;01/06/2012
2052;1;01/06/2012
2053;1;01/06/2012
2054;1;01/06/2012
2055;1;01/06/2012
2056;1;01/06/2012
2058;1;01/02/2010
2058;2;01/07/2013
2059;1;01/06/2012
2060;1;01/06/2012
2061;1;01/06/2012
2062;1;01/06/2012
2063;1;01/06/2012
2064;1;01/06/2012
2065;1;01/06/2012
2066;1;01/06/2012
2067;1;01/06/2012
2068;1;01/06/2012
2069;1;01/06/2012
2070;1;01/06/2012
2071;1;01/06/2012
2072;1;01/06/2012
2073;1;01/06/2012
2075;1;01/06/2012
2076;1;01-082010
2076;2;01/09/2012
2076;3;01/11/2013
2077;1;01/06/2012
2078;1;01/06/2012
2079;1;01/06/2012
2081;1;01/06/2012
2082;1;01/01/2013
2082;1;01/06/2012
4447;1;01/01/2013
XAZ;1;01/01/2013
